A001,ATCACG
A002,CGATGT
A003,TTAGGC
A004,TGACCA
A005,ACAGTG
A006,GCCAAT
A007,CAGATC
A008,ACTTGA
A009,GATCAG
A010,TAGCTT
A011,GGCTAC
A012,CTTGTA
A013,AGTCAACA
A014,AGTTCCGT
A015,ATGTCAGA
A016,CCGTCCCG
A018,GTCCGCAC
A019,GTGAAACG
A020,GTGGCCTT
A021,GTTTCGGA
A022,CGTACGTA
A023,GAGTGGAT
A025,ACTGATAT
A027,ATTCCTTT
N007,ATCACG
N001,CGATGT
N008,TTAGGC
N002,TGACCA
N003,ACAGTG
N004,GCCAAT
N005,CAGATC
N009,ACTTGA
N010,GATCAG
N011,TAGCTT
N012,GGCTAC
N006,CTTGTA
N013,AGTCAA
N014,AGTTCC
N015,ATGTCA
N016,CCGTCC
N018,GTCCGC
N019,GTGAAA
N020,GTGGCC
N021,GTTTCG
N022,CGTACG
N023,GAGTGG
N025,ACTGAT
N027,ATTCCT
N017,GTAGAG
N024,GGTAGC
N026,ATGAGC
N028,CAAAAG
N029,CAACTA
N030,CACCGG
N031,CACGAT
N032,CACTCA
N033,CAGGCG
N034,CATGGC
N035,CATTTT
N036,CCAACA
N037,CGGAAT
N038,CTAGCT
N039,CTATAC
N040,CTCAGA
N041,GCGCTA
N042,TAATCG
N043,TACAGC
N044,TATAAT
N045,TCATTC
N046,TCCCGA
N047,TCGAAG
N048,TCGGCA
HT01,AACGTGAT
HT02,AAACATCG
HT03,ATGCCTAA
HT04,AGTGGTCA
HT05,ACCACTGT
HT06,ACATTGGC
HT07,CAGATCTG
HT08,CATCAAGT
HT09,CGCTGATC
HT10,ACAAGCTA
HT11,CTGTAGCC
HT12,AGTACAAG
HT13,AACAACCA
HT14,AACCGAGA
HT15,AACGCTTA
HT16,AAGACGGA
HT17,AAGGTACA
HT18,ACACAGAA
HT19,ACAGCAGA
HT20,ACCTCCAA
HT21,ACGCTCGA
HT22,ACGTATCA
HT23,ACTATGCA
HT24,AGAGTCAA
HT25,AGATCGCA
HT26,AGCAGGAA
HT27,AGTCACTA
HT28,ATCCTGTA
HT29,ATTGAGGA
HT30,CAACCACA
HT31,GACTAGTA
HT32,CAATGGAA
HT33,CACTTCGA
HT34,CAGCGTTA
HT35,CATACCAA
HT36,CCAGTTCA
HT37,CCGAAGTA
HT38,CCGTGAGA
HT39,CCTCCTGA
HT40,CGAACTTA
HT41,CGACTGGA
HT42,CGCATACA
HT43,CTCAATGA
HT44,CTGAGCCA
HT45,CTGGCATA
HT46,GAATCTGA
HT47,CAAGACTA
HT48,GAGCTGAA
